budget,ci95_high,ci95_low,epistasis_bin,k,mean,method,metric,n,score,selection_policy,source
,2.0160974881203453,1.4600008324648004,,10,1.7288023162089667,,high_abs_residual_enrichment,66,ensemble_std,,epistatic_uncertainty_enrichment_detail.csv
,7.448410147356117,3.4723764733708555,,10,5.2821382470293194,,positive_residual_enrichment,65,ensemble_std,,epistatic_uncertainty_enrichment_detail.csv
,1.195388573885938,0.9820184492203742,,10,1.0887760203542516,,sign_epistasis_enrichment,66,ensemble_std,,epistatic_uncertainty_enrichment_detail.csv
,1.675669225903359,1.3238554043580784,,50,1.5011577740937139,,high_abs_residual_enrichment,66,ensemble_std,,epistatic_uncertainty_enrichment_detail.csv
,4.746245166266145,2.6990101820881023,,50,3.636249258528724,,positive_residual_enrichment,65,ensemble_std,,epistatic_uncertainty_enrichment_detail.csv
,1.1296557161000393,0.9792742458292207,,50,1.0534152466446742,,sign_epistasis_enrichment,66,ensemble_std,,epistatic_uncertainty_enrichment_detail.csv
,1.5437069064902105,1.239448115408914,,100,1.384639662598449,,high_abs_residual_enrichment,66,ensemble_std,,epistatic_uncertainty_enrichment_detail.csv
,3.8097299432922793,2.3068272439984954,,100,3.0172832594294974,,positive_residual_enrichment,65,ensemble_std,,epistatic_uncertainty_enrichment_detail.csv
,1.0907831488166861,0.9629536861493211,,100,1.0258058357588054,,sign_epistasis_enrichment,66,ensemble_std,,epistatic_uncertainty_enrichment_detail.csv
,1.8927549564865427,1.4053802577625931,,10,1.6515225229654265,,high_abs_residual_enrichment,66,additive_ensemble_disagreement,,epistatic_uncertainty_enrichment_detail.csv
,7.074774082980923,3.045097930060713,,10,4.890075359428325,,positive_residual_enrichment,65,additive_ensemble_disagreement,,epistatic_uncertainty_enrichment_detail.csv
,1.0252257639544355,0.8002611289374032,,10,0.9137791466778307,,sign_epistasis_enrichment,66,additive_ensemble_disagreement,,epistatic_uncertainty_enrichment_detail.csv
,1.751980339424097,1.363268644521996,,50,1.5522129678864522,,high_abs_residual_enrichment,66,additive_ensemble_disagreement,,epistatic_uncertainty_enrichment_detail.csv
,4.84787386957203,2.3777164503613233,,50,3.4934882344906324,,positive_residual_enrichment,65,additive_ensemble_disagreement,,epistatic_uncertainty_enrichment_detail.csv
,1.0414116162452245,0.9044616759526841,,50,0.9733717936868832,,sign_epistasis_enrichment,66,additive_ensemble_disagreement,,epistatic_uncertainty_enrichment_detail.csv
,1.6576610666766571,1.3208665103431318,,100,1.4887524585216252,,high_abs_residual_enrichment,66,additive_ensemble_disagreement,,epistatic_uncertainty_enrichment_detail.csv
,4.173563089397102,2.0999114190919195,,100,3.032539894670008,,positive_residual_enrichment,65,additive_ensemble_disagreement,,epistatic_uncertainty_enrichment_detail.csv
,1.0801512946959344,0.9578758118152413,,100,1.0209963265480613,,sign_epistasis_enrichment,66,additive_ensemble_disagreement,,epistatic_uncertainty_enrichment_detail.csv
,1.162565612756792,0.7475590080229815,,10,0.9454837645473864,,high_abs_residual_enrichment,66,sequence_structure_disagreement,,epistatic_uncertainty_enrichment_detail.csv
,2.504005598489881,0.480027190769754,,10,1.3124132515243971,,positive_residual_enrichment,65,sequence_structure_disagreement,,epistatic_uncertainty_enrichment_detail.csv
,1.1701601027248119,0.9404308672649179,,10,1.0515812675665397,,sign_epistasis_enrichment,66,sequence_structure_disagreement,,epistatic_uncertainty_enrichment_detail.csv
,1.1881216432553638,0.8919531756725798,,50,1.0345190745156734,,high_abs_residual_enrichment,66,sequence_structure_disagreement,,epistatic_uncertainty_enrichment_detail.csv
,1.2247576378172216,0.659900958826743,,50,0.9260219955809936,,positive_residual_enrichment,65,sequence_structure_disagreement,,epistatic_uncertainty_enrichment_detail.csv
,1.120145347820446,0.9577161683948252,,50,1.0378106562894664,,sign_epistasis_enrichment,66,sequence_structure_disagreement,,epistatic_uncertainty_enrichment_detail.csv
,1.1186802099420345,0.8720250062207501,,100,0.9913548423328109,,high_abs_residual_enrichment,66,sequence_structure_disagreement,,epistatic_uncertainty_enrichment_detail.csv
,1.0532497189563925,0.6577207580067386,,100,0.848428979915534,,positive_residual_enrichment,65,sequence_structure_disagreement,,epistatic_uncertainty_enrichment_detail.csv
,1.0633085267246847,0.9480624768441883,,100,1.0050939768060436,,sign_epistasis_enrichment,66,sequence_structure_disagreement,,epistatic_uncertainty_enrichment_detail.csv
,1.0669681234964217,0.589485493447675,,10,0.8201226633098219,,high_abs_residual_enrichment,66,ensemble_mean,,epistatic_uncertainty_enrichment_detail.csv
,0.19463280916847206,0.0,,10,0.07834483592747497,,positive_residual_enrichment,65,ensemble_mean,,epistatic_uncertainty_enrichment_detail.csv
,1.3213358667794741,1.0413382148248036,,10,1.1803170547031725,,sign_epistasis_enrichment,66,ensemble_mean,,epistatic_uncertainty_enrichment_detail.csv
,0.9912192832514145,0.6824490937149805,,50,0.8355868223472576,,high_abs_residual_enrichment,66,ensemble_mean,,epistatic_uncertainty_enrichment_detail.csv
,0.3568578712107203,0.08795917231617809,,50,0.2024503685843621,,positive_residual_enrichment,65,ensemble_mean,,epistatic_uncertainty_enrichment_detail.csv
,1.188025505124684,0.9862749482506152,,50,1.0806266849111748,,sign_epistasis_enrichment,66,ensemble_mean,,epistatic_uncertainty_enrichment_detail.csv
,0.8956024879343556,0.6620802133144039,,100,0.7780144060850774,,high_abs_residual_enrichment,66,ensemble_mean,,epistatic_uncertainty_enrichment_detail.csv
,0.32286681086353947,0.13266724162866936,,100,0.2204168498473068,,positive_residual_enrichment,65,ensemble_mean,,epistatic_uncertainty_enrichment_detail.csv
,1.1450078054911126,0.978287549261796,,100,1.0563179257970718,,sign_epistasis_enrichment,66,ensemble_mean,,epistatic_uncertainty_enrichment_detail.csv
20,0.04579558520316022,0.0017347697932883885,high_epistasis,,0.0218237600562951,,delta_spearman,55,,random_doubles,informative_double_selection_heldout_detail.csv
20,0.12441539668836714,0.04102161707840828,high_epistasis,,0.07957964839386987,,delta_top1pct_recall,55,,random_doubles,informative_double_selection_heldout_detail.csv
20,0.044554047680506796,0.005871751044997107,high_epistasis,,0.023663368406784856,,delta_spearman,55,,coverage_proxy,informative_double_selection_heldout_detail.csv
20,0.1022183235453448,0.031692801557394436,high_epistasis,,0.06488795110383419,,delta_top1pct_recall,55,,coverage_proxy,informative_double_selection_heldout_detail.csv
20,-0.004715580093485541,-0.05463965804595169,high_epistasis,,-0.028571549125956937,,delta_spearman,55,,high_additive_disagreement_proxy,informative_double_selection_heldout_detail.csv
20,-0.0056565656565656566,-0.07229437229437229,high_epistasis,,-0.03737373737373737,,delta_top1pct_recall,55,,high_additive_disagreement_proxy,informative_double_selection_heldout_detail.csv
20,-0.008739957850735237,-0.021453857290724868,high_epistasis,,-0.014651542705590069,,delta_spearman,55,,oracle_high_residual,informative_double_selection_heldout_detail.csv
20,-0.017702378967703748,-0.05274389497830529,high_epistasis,,-0.03392581772800493,,delta_top1pct_recall,55,,oracle_high_residual,informative_double_selection_heldout_detail.csv
50,0.049186726350433196,0.007950964819393622,high_epistasis,,0.026872969353790178,,delta_spearman,55,,random_doubles,informative_double_selection_heldout_detail.csv
50,0.1375940523925124,0.049816545655513064,high_epistasis,,0.09171434479239352,,delta_top1pct_recall,55,,random_doubles,informative_double_selection_heldout_detail.csv
50,0.05158646084680408,0.010129444996764622,high_epistasis,,0.028886070621239865,,delta_spearman,55,,coverage_proxy,informative_double_selection_heldout_detail.csv
50,0.12579216273487592,0.04312108666526469,high_epistasis,,0.08281269496608179,,delta_top1pct_recall,55,,coverage_proxy,informative_double_selection_heldout_detail.csv
50,-0.012060633309207458,-0.10622570969383056,high_epistasis,,-0.05907137339910971,,delta_spearman,55,,high_additive_disagreement_proxy,informative_double_selection_heldout_detail.csv
50,0.1306158008658007,0.017010822510822508,high_epistasis,,0.07380952380952381,,delta_top1pct_recall,55,,high_additive_disagreement_proxy,informative_double_selection_heldout_detail.csv
50,-0.011445131341505868,-0.027895385151022703,high_epistasis,,-0.01896678100070307,,delta_spearman,55,,oracle_high_residual,informative_double_selection_heldout_detail.csv
50,-0.01620863555179659,-0.08062941008733132,high_epistasis,,-0.04623423475821311,,delta_top1pct_recall,55,,oracle_high_residual,informative_double_selection_heldout_detail.csv
100,0.04818441987959986,0.006020932103984904,high_epistasis,,0.025519482383712124,,delta_spearman,55,,random_doubles,informative_double_selection_heldout_detail.csv
100,0.12435196162330188,0.03984818968866865,high_epistasis,,0.07954397870289484,,delta_top1pct_recall,55,,random_doubles,informative_double_selection_heldout_detail.csv
100,0.049358239909120735,0.007574714281119288,high_epistasis,,0.026678564962616596,,delta_spearman,55,,coverage_proxy,informative_double_selection_heldout_detail.csv
100,0.12732202152006925,0.0429969890401333,high_epistasis,,0.08367665477819258,,delta_top1pct_recall,55,,coverage_proxy,informative_double_selection_heldout_detail.csv
100,0.012627417271620985,-0.06911580494060132,high_epistasis,,-0.029484563661593393,,delta_spearman,55,,high_additive_disagreement_proxy,informative_double_selection_heldout_detail.csv
100,0.10661988936988935,0.011871091871091874,high_epistasis,,0.05839345839345839,,delta_top1pct_recall,55,,high_additive_disagreement_proxy,informative_double_selection_heldout_detail.csv
100,-0.010871057882033014,-0.022966135018325846,high_epistasis,,-0.016716521378802914,,delta_spearman,55,,oracle_high_residual,informative_double_selection_heldout_detail.csv
100,-0.011565585964555258,-0.084144220468732,high_epistasis,,-0.044378973135288775,,delta_top1pct_recall,55,,oracle_high_residual,informative_double_selection_heldout_detail.csv
20,0.014682630183378391,-0.00191568673187682,low_mid_epistasis,,0.006499027321544296,,delta_spearman,275,,random_doubles,informative_double_selection_heldout_detail.csv
20,0.024721718846605872,-0.011384841525376164,low_mid_epistasis,,0.00693478530861974,,delta_top1pct_recall,275,,random_doubles,informative_double_selection_heldout_detail.csv
20,0.015011788176330622,-0.0036632000005376356,low_mid_epistasis,,0.005829191909745838,,delta_spearman,275,,coverage_proxy,informative_double_selection_heldout_detail.csv
20,0.029923831428695386,-0.002464739483488965,low_mid_epistasis,,0.0135466105846241,,delta_top1pct_recall,275,,coverage_proxy,informative_double_selection_heldout_detail.csv
20,-0.06550757906668579,-0.10021398668475572,low_mid_epistasis,,-0.08244552884607613,,delta_spearman,275,,high_additive_disagreement_proxy,informative_double_selection_heldout_detail.csv
20,-0.05914198805823471,-0.12444070063811023,low_mid_epistasis,,-0.09117572758379786,,delta_top1pct_recall,275,,high_additive_disagreement_proxy,informative_double_selection_heldout_detail.csv
20,-0.08186922061479841,-0.13367911186607545,low_mid_epistasis,,-0.10661889563617301,,delta_spearman,275,,oracle_high_residual,informative_double_selection_heldout_detail.csv
20,-0.07564832320408611,-0.13709692914816116,low_mid_epistasis,,-0.10599066194982971,,delta_top1pct_recall,275,,oracle_high_residual,informative_double_selection_heldout_detail.csv
50,0.027754451941421628,0.011334910752704484,low_mid_epistasis,,0.01954159668207942,,delta_spearman,275,,random_doubles,informative_double_selection_heldout_detail.csv
50,0.03986264265910973,0.009159363312298361,low_mid_epistasis,,0.024208039758974505,,delta_top1pct_recall,275,,random_doubles,informative_double_selection_heldout_detail.csv
50,0.026983937625787654,0.010462303558674082,low_mid_epistasis,,0.018760795323309477,,delta_spearman,275,,coverage_proxy,informative_double_selection_heldout_detail.csv
50,0.04753986565811009,0.01786143004174271,low_mid_epistasis,,0.032071504792593915,,delta_top1pct_recall,275,,coverage_proxy,informative_double_selection_heldout_detail.csv
50,-0.08214938581775152,-0.11970755101546891,low_mid_epistasis,,-0.10044953326987098,,delta_spearman,275,,high_additive_disagreement_proxy,informative_double_selection_heldout_detail.csv
50,-0.024547481798850624,-0.08858231404886528,low_mid_epistasis,,-0.0565827183642749,,delta_top1pct_recall,275,,high_additive_disagreement_proxy,informative_double_selection_heldout_detail.csv
50,-0.1097346633437506,-0.16259528079466531,low_mid_epistasis,,-0.13572406750579322,,delta_spearman,275,,oracle_high_residual,informative_double_selection_heldout_detail.csv
50,-0.11879586573374747,-0.1794112454906208,low_mid_epistasis,,-0.14843563453006206,,delta_top1pct_recall,275,,oracle_high_residual,informative_double_selection_heldout_detail.csv
100,0.030013828831837154,0.013063268066626478,low_mid_epistasis,,0.021389370409544094,,delta_spearman,270,,random_doubles,informative_double_selection_heldout_detail.csv
100,0.05265474657866499,0.020678927885015266,low_mid_epistasis,,0.03605553803095062,,delta_top1pct_recall,270,,random_doubles,informative_double_selection_heldout_detail.csv
100,0.030726415659219776,0.013213293008050346,low_mid_epistasis,,0.021820127983635997,,delta_spearman,270,,coverage_proxy,informative_double_selection_heldout_detail.csv
100,0.045116763575613186,0.013921067156725581,low_mid_epistasis,,0.029266785390392864,,delta_top1pct_recall,270,,coverage_proxy,informative_double_selection_heldout_detail.csv
100,-0.07602403834679909,-0.11515334396470904,low_mid_epistasis,,-0.09551116838257973,,delta_spearman,270,,high_additive_disagreement_proxy,informative_double_selection_heldout_detail.csv
100,0.02477964671620178,-0.036759536826275176,low_mid_epistasis,,-0.0060502669922536095,,delta_top1pct_recall,270,,high_additive_disagreement_proxy,informative_double_selection_heldout_detail.csv
100,-0.12504387438585715,-0.17637577601992613,low_mid_epistasis,,-0.15049025576828,,delta_spearman,270,,oracle_high_residual,informative_double_selection_heldout_detail.csv
100,-0.08032257575624135,-0.14773992982018058,low_mid_epistasis,,-0.11407653869244748,,delta_top1pct_recall,270,,oracle_high_residual,informative_double_selection_heldout_detail.csv
,0.36810281949069873,0.3242739852368787,,,0.3460800530759735,Site_Independent,pearson,217,,,zero_shot_extended_metrics.csv
,4.8754111184245845,3.3272979920737535,,,4.071318095048193,Site_Independent,top20_enrichment_top1pct,217,,,zero_shot_extended_metrics.csv
,5.751746284119336,3.6334803666849935,,,4.647302888976389,Site_Independent,top10_enrichment_top1pct,217,,,zero_shot_extended_metrics.csv
,0.42878778116289573,0.3857951399553892,,,0.4075458884538826,EVmutation,pearson,217,,,zero_shot_extended_metrics.csv
,5.441228392867283,3.3043823211366106,,,4.293095450242952,EVmutation,top20_enrichment_top1pct,217,,,zero_shot_extended_metrics.csv
,6.652174940059378,3.8953183171023307,,,5.2030879923100555,EVmutation,top10_enrichment_top1pct,217,,,zero_shot_extended_metrics.csv
,0.4378418589896557,0.39395371940693885,,,0.4161553684152254,DeepSequence_single,pearson,217,,,zero_shot_extended_metrics.csv
,5.115471299391421,3.2789404267760736,,,4.133872670268847,DeepSequence_single,top20_enrichment_top1pct,217,,,zero_shot_extended_metrics.csv
,6.057927775822115,3.5932634215148744,,,4.783281463565577,DeepSequence_single,top10_enrichment_top1pct,217,,,zero_shot_extended_metrics.csv
,0.4497233101325324,0.40562462046570924,,,0.42777212581635315,DeepSequence_ensemble,pearson,217,,,zero_shot_extended_metrics.csv
,5.56457817289399,3.508101122697915,,,4.48547824790477,DeepSequence_ensemble,top20_enrichment_top1pct,217,,,zero_shot_extended_metrics.csv
,6.290410143454689,3.7289883631515237,,,4.9579397505241785,DeepSequence_ensemble,top10_enrichment_top1pct,217,,,zero_shot_extended_metrics.csv
,0.4619384897996661,0.420848340223711,,,0.4416351170258703,EVE_single,pearson,217,,,zero_shot_extended_metrics.csv
,5.660912255282259,3.651878756304112,,,4.601637393960408,EVE_single,top20_enrichment_top1pct,217,,,zero_shot_extended_metrics.csv
,6.5441764728052565,3.9791817377459213,,,5.176640937635261,EVE_single,top10_enrichment_top1pct,217,,,zero_shot_extended_metrics.csv
,0.4689562048051975,0.4264011914347967,,,0.44809258061525303,EVE_ensemble,pearson,217,,,zero_shot_extended_metrics.csv
,5.760067785089245,3.802179205736033,,,4.738035939103565,EVE_ensemble,top20_enrichment_top1pct,217,,,zero_shot_extended_metrics.csv
,6.4528934885774065,3.948991807138235,,,5.130891932219723,EVE_ensemble,top10_enrichment_top1pct,217,,,zero_shot_extended_metrics.csv
,0.20706125323735558,0.1540429561391821,,,0.18051075655140425,Unirep,pearson,217,,,zero_shot_extended_metrics.csv
,2.8277526915406197,1.6275266976880647,,,2.210976664279846,Unirep,top20_enrichment_top1pct,217,,,zero_shot_extended_metrics.csv
,3.128030210891906,1.4915261931552397,,,2.2576113506650115,Unirep,top10_enrichment_top1pct,217,,,zero_shot_extended_metrics.csv
,0.3466729361494761,0.3047960211177722,,,0.3258542353216627,Unirep_evotune,pearson,217,,,zero_shot_extended_metrics.csv
,3.3858595392483988,1.7291435062501592,,,2.496405967844559,Unirep_evotune,top20_enrichment_top1pct,217,,,zero_shot_extended_metrics.csv
,3.8087250863482014,1.8883241224654246,,,2.799158920860333,Unirep_evotune,top10_enrichment_top1pct,217,,,zero_shot_extended_metrics.csv
,0.4535987121615581,0.4103451092728574,,,0.4325268178981586,MSA_Transformer_single,pearson,217,,,zero_shot_extended_metrics.csv
,5.5522717633767265,3.4888329185722764,,,4.45277644702763,MSA_Transformer_single,top20_enrichment_top1pct,217,,,zero_shot_extended_metrics.csv
,6.920038099371845,4.1632555031769485,,,5.464208174482734,MSA_Transformer_single,top10_enrichment_top1pct,217,,,zero_shot_extended_metrics.csv
,0.46932344013041855,0.42441389081551656,,,0.4469765758839816,MSA_Transformer_ensemble,pearson,217,,,zero_shot_extended_metrics.csv
,5.702492591987731,3.594121656643823,,,4.58126939487455,MSA_Transformer_ensemble,top20_enrichment_top1pct,217,,,zero_shot_extended_metrics.csv
,6.864676554108547,4.10360820778286,,,5.441518031058919,MSA_Transformer_ensemble,top10_enrichment_top1pct,217,,,zero_shot_extended_metrics.csv
,0.4473969286363359,0.3987507000910432,,,0.4234799602380049,ESM1b,pearson,217,,,zero_shot_extended_metrics.csv
,5.37982789643399,3.348500244414384,,,4.309579557343491,ESM1b,top20_enrichment_top1pct,217,,,zero_shot_extended_metrics.csv
,6.077589171421005,3.589985035343986,,,4.735787856029466,ESM1b,top10_enrichment_top1pct,217,,,zero_shot_extended_metrics.csv
,0.4260724498881887,0.3722560555567621,,,0.3993315334529238,ESM1v_single,pearson,217,,,zero_shot_extended_metrics.csv
,4.663493539428586,2.892696220889572,,,3.74513805670292,ESM1v_single,top20_enrichment_top1pct,217,,,zero_shot_extended_metrics.csv
,5.2388030312440925,2.800308130259751,,,3.8989129580869024,ESM1v_single,top10_enrichment_top1pct,217,,,zero_shot_extended_metrics.csv
,0.4541791723522686,0.40247949406244504,,,0.4289109325580452,ESM1v_ensemble,pearson,217,,,zero_shot_extended_metrics.csv
,5.24737402631886,3.253533057860049,,,4.212773653398766,ESM1v_ensemble,top20_enrichment_top1pct,217,,,zero_shot_extended_metrics.csv
,5.943936157794443,3.362180894737864,,,4.596172945046425,ESM1v_ensemble,top10_enrichment_top1pct,217,,,zero_shot_extended_metrics.csv
,0.25437733499833104,0.1986068101976915,,,0.22610702838264038,ESM2_8M,pearson,217,,,zero_shot_extended_metrics.csv
,3.7452845632752556,2.1764953581923643,,,2.939280688651736,ESM2_8M,top20_enrichment_top1pct,217,,,zero_shot_extended_metrics.csv
,4.396292504971858,2.295018243392071,,,3.2769633384698347,ESM2_8M,top10_enrichment_top1pct,217,,,zero_shot_extended_metrics.csv
,0.3680828793266079,0.30777091925893235,,,0.3381572691441948,ESM2_35M,pearson,217,,,zero_shot_extended_metrics.csv
,4.992267142920909,3.195400033668939,,,4.039890463674998,ESM2_35M,top20_enrichment_top1pct,217,,,zero_shot_extended_metrics.csv
,5.922823150433706,3.5447302042414464,,,4.66223572722702,ESM2_35M,top10_enrichment_top1pct,217,,,zero_shot_extended_metrics.csv
,0.44640161732929867,0.38923121452704207,,,0.417970217533909,ESM2_150M,pearson,217,,,zero_shot_extended_metrics.csv
,5.761438012425365,3.7291110497547235,,,4.730275942943129,ESM2_150M,top20_enrichment_top1pct,217,,,zero_shot_extended_metrics.csv
,6.819385723446484,4.273363713665346,,,5.523067696725349,ESM2_150M,top10_enrichment_top1pct,217,,,zero_shot_extended_metrics.csv
,0.4706476823009645,0.4169236813863689,,,0.44416267796201886,ESM2_650M,pearson,217,,,zero_shot_extended_metrics.csv
,5.522401936913119,3.7490935672321988,,,4.60695334406386,ESM2_650M,top20_enrichment_top1pct,217,,,zero_shot_extended_metrics.csv
,6.268023572326861,3.90421270145712,,,5.051639287125617,ESM2_650M,top10_enrichment_top1pct,217,,,zero_shot_extended_metrics.csv
,0.4567826699922051,0.40620010124994094,,,0.4319164290159332,ESM2_3B,pearson,217,,,zero_shot_extended_metrics.csv
,5.59512717992038,3.725093101192098,,,4.618802926234418,ESM2_3B,top20_enrichment_top1pct,217,,,zero_shot_extended_metrics.csv
,6.29914960055929,3.8861357911371157,,,5.052649637807271,ESM2_3B,top10_enrichment_top1pct,217,,,zero_shot_extended_metrics.csv
,0.4455581038410497,0.3974690804047394,,,0.42143824144902226,ESM2_15B,pearson,217,,,zero_shot_extended_metrics.csv
,4.847237311690897,2.9701097433025434,,,3.84554454179999,ESM2_15B,top20_enrichment_top1pct,217,,,zero_shot_extended_metrics.csv
,5.660012168137896,3.3363500475785233,,,4.444046950901575,ESM2_15B,top10_enrichment_top1pct,217,,,zero_shot_extended_metrics.csv
,0.4092031919858018,0.3585556493712299,,,0.3844059840482921,Wavenet,pearson,217,,,zero_shot_extended_metrics.csv
,4.604328587742867,2.7143884930645066,,,3.592855566393958,Wavenet,top20_enrichment_top1pct,217,,,zero_shot_extended_metrics.csv
,5.126951810717251,2.7973895732529668,,,3.8879278223053455,Wavenet,top10_enrichment_top1pct,217,,,zero_shot_extended_metrics.csv
,0.3176056167550354,0.27023580723318075,,,0.29354137056668883,RITA_s,pearson,217,,,zero_shot_extended_metrics.csv
,4.258475358300069,2.426926039796155,,,3.2562091490525393,RITA_s,top20_enrichment_top1pct,217,,,zero_shot_extended_metrics.csv
,4.5392178185408625,2.4706227035451476,,,3.464536376927404,RITA_s,top10_enrichment_top1pct,217,,,zero_shot_extended_metrics.csv
,0.3604792052369944,0.3134283683224135,,,0.3375948831566257,RITA_m,pearson,217,,,zero_shot_extended_metrics.csv
,4.487251625811154,2.6573439804453742,,,3.5023408200683237,RITA_m,top20_enrichment_top1pct,217,,,zero_shot_extended_metrics.csv
,4.848696465556448,2.65475470888816,,,3.692571486350188,RITA_m,top10_enrichment_top1pct,217,,,zero_shot_extended_metrics.csv
,0.3737581382328982,0.3274742555566989,,,0.3512764348225168,RITA_l,pearson,217,,,zero_shot_extended_metrics.csv
,4.152086736518282,2.4487391282581203,,,3.2283509838214375,RITA_l,top20_enrichment_top1pct,217,,,zero_shot_extended_metrics.csv
,4.622740998699543,2.5694597362210407,,,3.537739054296466,RITA_l,top10_enrichment_top1pct,217,,,zero_shot_extended_metrics.csv
,0.3817506812093109,0.33793647301261664,,,0.3601419671933038,RITA_xl,pearson,217,,,zero_shot_extended_metrics.csv
,3.8423951268767644,2.448760176271574,,,3.109867671841862,RITA_xl,top20_enrichment_top1pct,217,,,zero_shot_extended_metrics.csv
,4.474688355489472,2.4349256199092504,,,3.4024626099577233,RITA_xl,top10_enrichment_top1pct,217,,,zero_shot_extended_metrics.csv
,0.3455159426273682,0.2953683048242606,,,0.32062624699391845,Progen2_small,pearson,217,,,zero_shot_extended_metrics.csv
,4.540202563507601,2.796360974491303,,,3.5937974452105563,Progen2_small,top20_enrichment_top1pct,217,,,zero_shot_extended_metrics.csv
,5.247383121986578,2.8625824257432186,,,3.979812342475341,Progen2_small,top10_enrichment_top1pct,217,,,zero_shot_extended_metrics.csv
,0.39072128911269177,0.3445528172910832,,,0.36772654826529816,Progen2_medium,pearson,217,,,zero_shot_extended_metrics.csv
,4.544211403208146,2.5895096168759264,,,3.5027575470082506,Progen2_medium,top20_enrichment_top1pct,217,,,zero_shot_extended_metrics.csv
,5.176366810419113,2.7912030047816576,,,3.913970666571195,Progen2_medium,top10_enrichment_top1pct,217,,,zero_shot_extended_metrics.csv
,0.3841609106147023,0.33437604434287466,,,0.35968266188209924,Progen2_base,pearson,217,,,zero_shot_extended_metrics.csv
,4.2383144258040755,2.801362489408847,,,3.4957412310594345,Progen2_base,top20_enrichment_top1pct,217,,,zero_shot_extended_metrics.csv
,5.24739423844895,3.1212112490637027,,,4.178375661998992,Progen2_base,top10_enrichment_top1pct,217,,,zero_shot_extended_metrics.csv
,0.39095747562352356,0.3448631596218335,,,0.3677902277688747,Progen2_large,pearson,217,,,zero_shot_extended_metrics.csv
,4.7475281837509105,2.7302787701752256,,,3.661053466823848,Progen2_large,top20_enrichment_top1pct,217,,,zero_shot_extended_metrics.csv
,5.474428908668398,2.956866290562946,,,4.13515386234872,Progen2_large,top10_enrichment_top1pct,217,,,zero_shot_extended_metrics.csv
,0.40747761311869807,0.36460226184386146,,,0.3859301775708522,Progen2_xlarge,pearson,217,,,zero_shot_extended_metrics.csv
,4.781206828769106,2.65909001079891,,,3.623588778340267,Progen2_xlarge,top20_enrichment_top1pct,217,,,zero_shot_extended_metrics.csv
,5.707603657250109,3.105310925963223,,,4.319055032287535,Progen2_xlarge,top10_enrichment_top1pct,217,,,zero_shot_extended_metrics.csv
,0.4914102318563807,0.4507611006445856,,,0.4712588101958826,GEMME,pearson,217,,,zero_shot_extended_metrics.csv
,3.866876637552158,2.099559044566754,,,2.8967731770387486,GEMME,top20_enrichment_top1pct,217,,,zero_shot_extended_metrics.csv
,4.421209053823452,2.1540042725852553,,,3.202402145645054,GEMME,top10_enrichment_top1pct,217,,,zero_shot_extended_metrics.csv
,0.47553524786886836,0.43380236649236736,,,0.4544807619097964,VESPA,pearson,217,,,zero_shot_extended_metrics.csv
,3.0719753178904403,1.3876594393344845,,,2.143221107403711,VESPA,top20_enrichment_top1pct,217,,,zero_shot_extended_metrics.csv
,3.548506953582813,1.4327584075686381,,,2.3799886117859446,VESPA,top10_enrichment_top1pct,217,,,zero_shot_extended_metrics.csv
,0.43903325526794085,0.39674215156701864,,,0.41741868551767786,VESPAl,pearson,217,,,zero_shot_extended_metrics.csv
,2.866365455338252,1.2601635032773175,,,1.94037629062568,VESPAl,top20_enrichment_top1pct,217,,,zero_shot_extended_metrics.csv
,3.081174676092637,1.2978555054340606,,,2.080277105232526,VESPAl,top10_enrichment_top1pct,217,,,zero_shot_extended_metrics.csv
,0.42179278471610543,0.3836100742591131,,,0.40288442397283514,VespaG,pearson,217,,,zero_shot_extended_metrics.csv
,3.584730969020506,1.7789821808524229,,,2.569892939669669,VespaG,top20_enrichment_top1pct,217,,,zero_shot_extended_metrics.csv
,3.7031080712292836,1.744883116675945,,,2.6344179832411814,VespaG,top10_enrichment_top1pct,217,,,zero_shot_extended_metrics.csv
,0.20967299684766552,0.1659558106475847,,,0.18753439141150735,ProtGPT2,pearson,217,,,zero_shot_extended_metrics.csv
,1.8457588327057277,1.0418159430183058,,,1.427816714657288,ProtGPT2,top20_enrichment_top1pct,217,,,zero_shot_extended_metrics.csv
,2.0982028968077424,0.9756750472110157,,,1.5173639503413976,ProtGPT2,top10_enrichment_top1pct,217,,,zero_shot_extended_metrics.csv
,0.31506715307264377,0.26551577049238073,,,0.28982481809410415,Tranception_S_no_retrieval,pearson,217,,,zero_shot_extended_metrics.csv
,3.9182535151405187,2.377859118450312,,,3.100604399754564,Tranception_S_no_retrieval,top20_enrichment_top1pct,217,,,zero_shot_extended_metrics.csv
,4.546128114289845,2.2474567062922084,,,3.327477112479689,Tranception_S_no_retrieval,top10_enrichment_top1pct,217,,,zero_shot_extended_metrics.csv
,0.35917053074303124,0.3121452137263853,,,0.33560611388457473,Tranception_M_no_retrieval,pearson,217,,,zero_shot_extended_metrics.csv
,4.131840715020014,2.593348385992857,,,3.3379860501768985,Tranception_M_no_retrieval,top20_enrichment_top1pct,217,,,zero_shot_extended_metrics.csv
,4.402271902529953,2.487737784058856,,,3.4398273019919814,Tranception_M_no_retrieval,top10_enrichment_top1pct,217,,,zero_shot_extended_metrics.csv
,0.3868660946620687,0.3401356942883554,,,0.36380737138309,Tranception_L_no_retrieval,pearson,217,,,zero_shot_extended_metrics.csv
,4.438492507398799,2.5351287982982886,,,3.3530571947071057,Tranception_L_no_retrieval,top20_enrichment_top1pct,217,,,zero_shot_extended_metrics.csv
,4.923201080963835,2.7128079323591616,,,3.689646402059029,Tranception_L_no_retrieval,top10_enrichment_top1pct,217,,,zero_shot_extended_metrics.csv
,0.43852839007320243,0.39592494493635766,,,0.4173064183389705,Tranception_S,pearson,217,,,zero_shot_extended_metrics.csv
,4.775014575491566,3.1092926268150545,,,3.894655958165815,Tranception_S,top20_enrichment_top1pct,217,,,zero_shot_extended_metrics.csv
,5.604121520569582,3.368953132338505,,,4.43281243408667,Tranception_S,top10_enrichment_top1pct,217,,,zero_shot_extended_metrics.csv
,0.44854481520570255,0.40518665395207987,,,0.4269152238500962,Tranception_M,pearson,217,,,zero_shot_extended_metrics.csv
,4.808393115431017,3.2369325013864976,,,3.9947654953084286,Tranception_M,top20_enrichment_top1pct,217,,,zero_shot_extended_metrics.csv
,5.9435567527872335,3.7035956196583575,,,4.778627795396881,Tranception_M,top10_enrichment_top1pct,217,,,zero_shot_extended_metrics.csv
,0.4572761192730606,0.4151581625766961,,,0.4361616903437437,Tranception_L,pearson,217,,,zero_shot_extended_metrics.csv
,5.085362133932139,3.061141348246878,,,4.00909098522045,Tranception_L,top20_enrichment_top1pct,217,,,zero_shot_extended_metrics.csv
,5.779879433428112,3.3475579354187914,,,4.489544871069937,Tranception_L,top10_enrichment_top1pct,217,,,zero_shot_extended_metrics.csv
,0.47657072640148634,0.43616080559387255,,,0.45698020691551006,TranceptEVE_S,pearson,217,,,zero_shot_extended_metrics.csv
,5.73882733003708,3.760095135034089,,,4.708885794553596,TranceptEVE_S,top20_enrichment_top1pct,217,,,zero_shot_extended_metrics.csv
,6.926581094407442,4.243771317954551,,,5.494082867235635,TranceptEVE_S,top10_enrichment_top1pct,217,,,zero_shot_extended_metrics.csv
,0.4821989106879876,0.43959896493397677,,,0.4613011207531368,TranceptEVE_M,pearson,217,,,zero_shot_extended_metrics.csv
,5.547897548334755,3.7219332410312784,,,4.566960558066902,TranceptEVE_M,top20_enrichment_top1pct,217,,,zero_shot_extended_metrics.csv
,6.8878850345580815,4.330979359712228,,,5.55247164536811,TranceptEVE_M,top10_enrichment_top1pct,217,,,zero_shot_extended_metrics.csv
,0.4865049498657845,0.4438065441684238,,,0.46449531762127516,TranceptEVE_L,pearson,217,,,zero_shot_extended_metrics.csv
,5.845359261082071,3.6843260576111745,,,4.688480311315177,TranceptEVE_L,top20_enrichment_top1pct,217,,,zero_shot_extended_metrics.csv
,6.999159856509002,4.369149075659385,,,5.618295614084835,TranceptEVE_L,top10_enrichment_top1pct,217,,,zero_shot_extended_metrics.csv
,0.31487903932867645,0.25986495546384036,,,0.2876880131054167,CARP_38M,pearson,217,,,zero_shot_extended_metrics.csv
,4.31714143285542,2.615165048580383,,,3.4275478640449317,CARP_38M,top20_enrichment_top1pct,217,,,zero_shot_extended_metrics.csv
,5.184703763769187,3.038307527910255,,,4.06708592718181,CARP_38M,top10_enrichment_top1pct,217,,,zero_shot_extended_metrics.csv
,0.12450000558735368,0.08165954933445334,,,0.10253106470427326,CARP_600K,pearson,217,,,zero_shot_extended_metrics.csv
,3.145653010370091,1.7652534384579814,,,2.4235381846231534,CARP_600K,top20_enrichment_top1pct,217,,,zero_shot_extended_metrics.csv
,4.085478413523483,1.9836076378972571,,,2.9741676422897707,CARP_600K,top10_enrichment_top1pct,217,,,zero_shot_extended_metrics.csv
,0.4195782400674007,0.37169029439224993,,,0.39589764800666494,CARP_640M,pearson,217,,,zero_shot_extended_metrics.csv
,5.36635738589971,3.5044076101828048,,,4.4051358413740545,CARP_640M,top20_enrichment_top1pct,217,,,zero_shot_extended_metrics.csv
,6.387885511751932,3.833685418584379,,,5.057181626724589,CARP_640M,top10_enrichment_top1pct,217,,,zero_shot_extended_metrics.csv
,0.3671530113773895,0.31468999625283667,,,0.3415340078264171,CARP_76M,pearson,217,,,zero_shot_extended_metrics.csv
,5.060641150614576,3.106843461789825,,,4.054999240068802,CARP_76M,top20_enrichment_top1pct,217,,,zero_shot_extended_metrics.csv
,6.314850234264247,3.745541124132363,,,4.94801846467953,CARP_76M,top10_enrichment_top1pct,217,,,zero_shot_extended_metrics.csv
,0.41136465052681875,0.36553691422207724,,,0.38838346897085896,MIF,pearson,217,,,zero_shot_extended_metrics.csv
,5.941304279291355,4.090393210596753,,,4.976860983981754,MIF,top20_enrichment_top1pct,217,,,zero_shot_extended_metrics.csv
,7.12090034644674,4.4447595524482795,,,5.723193576871663,MIF,top10_enrichment_top1pct,217,,,zero_shot_extended_metrics.csv
,0.4318198825923054,0.3893219748210789,,,0.41055874935593306,MIFST,pearson,217,,,zero_shot_extended_metrics.csv
,6.193285422631226,4.064383499407571,,,5.071281921806198,MIFST,top20_enrichment_top1pct,217,,,zero_shot_extended_metrics.csv
,7.640470132695781,4.651188148687822,,,6.055281171163725,MIFST,top10_enrichment_top1pct,217,,,zero_shot_extended_metrics.csv
,0.4662053234703162,0.40896509647170115,,,0.4376783494086523,ESM-IF1,pearson,217,,,zero_shot_extended_metrics.csv
,5.689845814330291,3.8457156709669182,,,4.737890574660882,ESM-IF1,top20_enrichment_top1pct,217,,,zero_shot_extended_metrics.csv
,7.043887098861177,4.587485612153497,,,5.754505215203878,ESM-IF1,top10_enrichment_top1pct,217,,,zero_shot_extended_metrics.csv
,0.3180497140954788,0.2607476600070458,,,0.29011645541800873,ProteinMPNN,pearson,217,,,zero_shot_extended_metrics.csv
,4.782925992954215,3.1692775482119058,,,3.948041923081675,ProteinMPNN,top20_enrichment_top1pct,217,,,zero_shot_extended_metrics.csv
,6.000590656873789,3.7478684287429105,,,4.819245835080357,ProteinMPNN,top10_enrichment_top1pct,217,,,zero_shot_extended_metrics.csv
,0.4790039058781992,0.43352736385884955,,,0.4561708610430836,ProtSSN_k10_h512,pearson,217,,,zero_shot_extended_metrics.csv
,6.238867248396781,3.776349943441089,,,4.917632901132894,ProtSSN_k10_h512,top20_enrichment_top1pct,217,,,zero_shot_extended_metrics.csv
,7.16211968127603,4.299267603042961,,,5.678719898743945,ProtSSN_k10_h512,top10_enrichment_top1pct,217,,,zero_shot_extended_metrics.csv
,0.4662597250612126,0.42299478688341835,,,0.44464346035962865,ProtSSN_k10_h768,pearson,217,,,zero_shot_extended_metrics.csv
,6.137598512765029,3.8943309271645963,,,4.939828685392945,ProtSSN_k10_h768,top20_enrichment_top1pct,217,,,zero_shot_extended_metrics.csv
,7.640365976910386,4.641167822946397,,,6.083728141225119,ProtSSN_k10_h768,top10_enrichment_top1pct,217,,,zero_shot_extended_metrics.csv
,0.47500521820614194,0.43075905629160405,,,0.4529532459870437,ProtSSN_k10_h1280,pearson,217,,,zero_shot_extended_metrics.csv
,6.480412469879958,4.173841040498339,,,5.271925674058619,ProtSSN_k10_h1280,top20_enrichment_top1pct,217,,,zero_shot_extended_metrics.csv
,7.874109363805058,4.912393751188755,,,6.3572687135777874,ProtSSN_k10_h1280,top10_enrichment_top1pct,217,,,zero_shot_extended_metrics.csv
,0.48510995088799796,0.4402654594252889,,,0.46269992789198594,ProtSSN_k20_h512,pearson,217,,,zero_shot_extended_metrics.csv
,6.348836377500498,4.109935931750732,,,5.169401492634933,ProtSSN_k20_h512,top20_enrichment_top1pct,217,,,zero_shot_extended_metrics.csv
,7.670289976548777,4.736959075259976,,,6.148034136299889,ProtSSN_k20_h512,top10_enrichment_top1pct,217,,,zero_shot_extended_metrics.csv
,0.4858980030307744,0.4409449703034828,,,0.46295657339725793,ProtSSN_k20_h768,pearson,217,,,zero_shot_extended_metrics.csv
,6.463388657242814,4.065606816642988,,,5.193777252767234,ProtSSN_k20_h768,top20_enrichment_top1pct,217,,,zero_shot_extended_metrics.csv
,7.371213265618623,4.313023131529757,,,5.749634272367062,ProtSSN_k20_h768,top10_enrichment_top1pct,217,,,zero_shot_extended_metrics.csv
,0.48532064078870724,0.4402993398085529,,,0.46260450704310846,ProtSSN_k20_h1280,pearson,217,,,zero_shot_extended_metrics.csv
,6.655792173907615,4.136177317466885,,,5.320067864401136,ProtSSN_k20_h1280,top20_enrichment_top1pct,217,,,zero_shot_extended_metrics.csv
,7.601699645382722,4.664705001522499,,,6.088910026890829,ProtSSN_k20_h1280,top10_enrichment_top1pct,217,,,zero_shot_extended_metrics.csv
,0.4829080801262953,0.4375306664083474,,,0.46022161747603124,ProtSSN_k30_h512,pearson,217,,,zero_shot_extended_metrics.csv
,6.753651983789547,4.337087032296658,,,5.508150603044821,ProtSSN_k30_h512,top20_enrichment_top1pct,217,,,zero_shot_extended_metrics.csv
,7.400899782312886,4.5185983732351085,,,5.886647835967841,ProtSSN_k30_h512,top10_enrichment_top1pct,217,,,zero_shot_extended_metrics.csv
,0.48360023477103264,0.4379404537931531,,,0.46097519637276585,ProtSSN_k30_h768,pearson,217,,,zero_shot_extended_metrics.csv
,6.261959513784975,4.084302968087193,,,5.127100610755713,ProtSSN_k30_h768,top20_enrichment_top1pct,217,,,zero_shot_extended_metrics.csv
,7.937552450019318,4.932989035883183,,,6.382107866495378,ProtSSN_k30_h768,top10_enrichment_top1pct,217,,,zero_shot_extended_metrics.csv
,0.48381789553572724,0.43833655352504536,,,0.4611794148770701,ProtSSN_k30_h1280,pearson,217,,,zero_shot_extended_metrics.csv
,6.128614226193958,3.8965155669370035,,,4.949839062803633,ProtSSN_k30_h1280,top20_enrichment_top1pct,217,,,zero_shot_extended_metrics.csv
,6.710008212485773,3.9404405096964816,,,5.251805105545711,ProtSSN_k30_h1280,top10_enrichment_top1pct,217,,,zero_shot_extended_metrics.csv
,0.4934121472572456,0.4478455025580736,,,0.47106028293291163,ProtSSN_ensemble,pearson,217,,,zero_shot_extended_metrics.csv
,6.572047142552064,4.2061402983667975,,,5.324529438647337,ProtSSN_ensemble,top20_enrichment_top1pct,217,,,zero_shot_extended_metrics.csv
,7.625709862351682,4.78826670404754,,,6.134624833461108,ProtSSN_ensemble,top10_enrichment_top1pct,217,,,zero_shot_extended_metrics.csv
,0.5027265469786155,0.45331105808997435,,,0.47845953548407144,SaProt_650M_AF2,pearson,217,,,zero_shot_extended_metrics.csv
,6.200619356942717,4.313066305690986,,,5.214515331748585,SaProt_650M_AF2,top20_enrichment_top1pct,217,,,zero_shot_extended_metrics.csv
,7.114654785633079,4.564086841664155,,,5.798743947745076,SaProt_650M_AF2,top10_enrichment_top1pct,217,,,zero_shot_extended_metrics.csv
,0.4579825130211548,0.40407643426438694,,,0.43076090514396237,SaProt_35M_AF2,pearson,217,,,zero_shot_extended_metrics.csv
,5.429571083895617,3.641084021110591,,,4.51067721237907,SaProt_35M_AF2,top20_enrichment_top1pct,217,,,zero_shot_extended_metrics.csv
,6.553065946375436,4.057946748340484,,,5.248710336308843,SaProt_35M_AF2,top10_enrichment_top1pct,217,,,zero_shot_extended_metrics.csv
,0.515651207013689,0.47381929750492774,,,0.4942353804344699,PoET,pearson,217,,,zero_shot_extended_metrics.csv
,6.428293196371418,4.070955431891955,,,5.167552348651324,PoET,top20_enrichment_top1pct,217,,,zero_shot_extended_metrics.csv
,7.536038220941662,4.632090208581744,,,6.009638416689488,PoET,top10_enrichment_top1pct,217,,,zero_shot_extended_metrics.csv
,0.3389489670336926,0.29071935369305135,,,0.3149676680058089,MULAN_small,pearson,217,,,zero_shot_extended_metrics.csv
,3.8658101105361955,2.5588125476479027,,,3.1913360619693827,MULAN_small,top20_enrichment_top1pct,217,,,zero_shot_extended_metrics.csv
,3.8782223964292766,2.2329054881608927,,,3.0160831398045804,MULAN_small,top10_enrichment_top1pct,217,,,zero_shot_extended_metrics.csv
,0.504354435911223,0.4562807798530014,,,0.4810863707144632,ProSST-20,pearson,217,,,zero_shot_extended_metrics.csv
,5.686014979590789,3.451678349369172,,,4.549397134344364,ProSST-20,top20_enrichment_top1pct,217,,,zero_shot_extended_metrics.csv
,7.491008724147994,4.27874428879146,,,5.81236733127116,ProSST-20,top10_enrichment_top1pct,217,,,zero_shot_extended_metrics.csv
,0.5391525765038216,0.49101292461301566,,,0.5151989597764277,ProSST-128,pearson,217,,,zero_shot_extended_metrics.csv
,5.8649788836246195,3.801569152721763,,,4.81944846235626,ProSST-128,top20_enrichment_top1pct,217,,,zero_shot_extended_metrics.csv
,7.074066026305651,4.296260881129545,,,5.638707249779367,ProSST-128,top10_enrichment_top1pct,217,,,zero_shot_extended_metrics.csv
,0.5406886914303862,0.4940384754073062,,,0.5175248086297085,ProSST-512,pearson,217,,,zero_shot_extended_metrics.csv
,6.439330571162404,3.9578018839674574,,,5.075650476564475,ProSST-512,top20_enrichment_top1pct,217,,,zero_shot_extended_metrics.csv
,7.420151265554067,4.369281756062086,,,5.794955047355728,ProSST-512,top10_enrichment_top1pct,217,,,zero_shot_extended_metrics.csv
,0.5559549070834927,0.5083222445965008,,,0.5324319360247547,ProSST-1024,pearson,217,,,zero_shot_extended_metrics.csv
,6.578629833425918,4.3817863527229495,,,5.424225623714431,ProSST-1024,top20_enrichment_top1pct,217,,,zero_shot_extended_metrics.csv
,7.86085233049545,4.844241787800326,,,6.302360785814275,ProSST-1024,top10_enrichment_top1pct,217,,,zero_shot_extended_metrics.csv
,0.5673960271822575,0.5197620321713169,,,0.5441518943748131,ProSST-2048,pearson,217,,,zero_shot_extended_metrics.csv
,7.065274845665881,4.688655147149899,,,5.859267157435164,ProSST-2048,top20_enrichment_top1pct,217,,,zero_shot_extended_metrics.csv
,8.64541781520316,5.486841990290721,,,7.027090913490105,ProSST-2048,top10_enrichment_top1pct,217,,,zero_shot_extended_metrics.csv
,0.5633903300004434,0.5169529161833426,,,0.5401935302018916,ProSST-4096,pearson,217,,,zero_shot_extended_metrics.csv
,6.386352601475552,3.9989814298191946,,,5.1077246057485945,ProSST-4096,top20_enrichment_top1pct,217,,,zero_shot_extended_metrics.csv
,7.724220483002267,4.498331259802449,,,6.031548941534434,ProSST-4096,top10_enrichment_top1pct,217,,,zero_shot_extended_metrics.csv
,0.5196616899436132,0.47752794838918566,,,0.4981630866996768,ESCOTT,pearson,217,,,zero_shot_extended_metrics.csv
,4.661978433555657,2.3507267274861916,,,3.3709465077883825,ESCOTT,top20_enrichment_top1pct,217,,,zero_shot_extended_metrics.csv
,4.808298315451983,2.2961973673913727,,,3.421044879893245,ESCOTT,top10_enrichment_top1pct,217,,,zero_shot_extended_metrics.csv
,0.5748324649732753,0.5307156123707364,,,0.553184973339214,VenusREM,pearson,217,,,zero_shot_extended_metrics.csv
,6.741815328386039,4.527814797579437,,,5.621956590650364,VenusREM,top20_enrichment_top1pct,217,,,zero_shot_extended_metrics.csv
,8.072388868043456,5.127037990281729,,,6.544554967741871,VenusREM,top10_enrichment_top1pct,217,,,zero_shot_extended_metrics.csv
,0.5091092524993374,0.4634965732379694,,,0.48628146539726225,RSALOR,pearson,217,,,zero_shot_extended_metrics.csv
,5.527935672292182,3.7937470346120814,,,4.61843014118301,RSALOR,top20_enrichment_top1pct,217,,,zero_shot_extended_metrics.csv
,6.429300612938565,4.069233433941534,,,5.171972513071161,RSALOR,top10_enrichment_top1pct,217,,,zero_shot_extended_metrics.csv
,0.4968694126525306,0.4533262523981568,,,0.4749278768193073,S2F,pearson,217,,,zero_shot_extended_metrics.csv
,5.855047663608009,4.113137835253569,,,4.978987532448115,S2F,top20_enrichment_top1pct,217,,,zero_shot_extended_metrics.csv
,7.202512161930894,4.678975534789251,,,5.906024941054904,S2F,top10_enrichment_top1pct,217,,,zero_shot_extended_metrics.csv
,0.5241219460758313,0.48301312938654445,,,0.5036360455727905,S2F_MSA,pearson,217,,,zero_shot_extended_metrics.csv
,6.440120504057473,4.299719909756534,,,5.3241414253242185,S2F_MSA,top20_enrichment_top1pct,217,,,zero_shot_extended_metrics.csv
,7.975148797063589,5.0881850174374526,,,6.470853672848669,S2F_MSA,top10_enrichment_top1pct,217,,,zero_shot_extended_metrics.csv
,0.5089829279668845,0.4633835458541627,,,0.48643646420244085,S3F,pearson,217,,,zero_shot_extended_metrics.csv
,5.674305463133484,3.879983286476047,,,4.742833787709555,S3F,top20_enrichment_top1pct,217,,,zero_shot_extended_metrics.csv
,7.06555002699953,4.5180930528399745,,,5.735504611031028,S3F,top10_enrichment_top1pct,217,,,zero_shot_extended_metrics.csv
,0.5320222555083223,0.4913434118333,,,0.5117667022166863,S3F_MSA,pearson,217,,,zero_shot_extended_metrics.csv
,6.478143832504641,4.351692503000757,,,5.349024632230653,S3F_MSA,top20_enrichment_top1pct,217,,,zero_shot_extended_metrics.csv
,8.112103039383065,5.167981329024308,,,6.608193104960956,S3F_MSA,top10_enrichment_top1pct,217,,,zero_shot_extended_metrics.csv
,0.45635492775375724,0.4159261025216441,,,0.43604070881827534,SiteRM,pearson,217,,,zero_shot_extended_metrics.csv
,3.6187145833992984,1.8436427422270563,,,2.6272434269576865,SiteRM,top20_enrichment_top1pct,217,,,zero_shot_extended_metrics.csv
,4.1188317168036015,1.9947266083241761,,,2.9541098452033783,SiteRM,top10_enrichment_top1pct,217,,,zero_shot_extended_metrics.csv
,0.5072836088506655,0.4588165100481423,,,0.4836175041252136,ESM3,pearson,217,,,zero_shot_extended_metrics.csv
,6.642068890434682,4.535052371874494,,,5.5515129889825765,ESM3,top20_enrichment_top1pct,217,,,zero_shot_extended_metrics.csv
,7.214238399079561,4.646187288040639,,,5.881593113084538,ESM3,top10_enrichment_top1pct,217,,,zero_shot_extended_metrics.csv
,0.47255391554702914,0.4170653356355188,,,0.4449295114788308,ESMC-300M,pearson,217,,,zero_shot_extended_metrics.csv
,5.057193599281596,3.290888529422037,,,4.136373219815126,ESMC-300M,top20_enrichment_top1pct,217,,,zero_shot_extended_metrics.csv
,6.493341577385685,3.9377820637236214,,,5.181301983188212,ESMC-300M,top10_enrichment_top1pct,217,,,zero_shot_extended_metrics.csv
,0.46835930084206195,0.4137618525458193,,,0.44165595369869437,ESMC-600M,pearson,217,,,zero_shot_extended_metrics.csv
,5.736770389920398,3.7681904985152923,,,4.719554450198266,ESMC-600M,top20_enrichment_top1pct,217,,,zero_shot_extended_metrics.csv
,6.780774918175627,3.995191458524873,,,5.340276151827207,ESMC-600M,top10_enrichment_top1pct,217,,,zero_shot_extended_metrics.csv
,0.42880167919199036,0.37790707579411625,,,0.40316977064095993,xTrimoPGLM-1B-MLM,pearson,217,,,zero_shot_extended_metrics.csv
,4.932836120780296,3.1936332072475695,,,4.032684144051548,xTrimoPGLM-1B-MLM,top20_enrichment_top1pct,217,,,zero_shot_extended_metrics.csv
,5.940808548743258,3.5473236424274712,,,4.686072688512966,xTrimoPGLM-1B-MLM,top10_enrichment_top1pct,217,,,zero_shot_extended_metrics.csv
,0.4476859441516137,0.39829645748909204,,,0.42362381471426097,xTrimoPGLM-3B-MLM,pearson,217,,,zero_shot_extended_metrics.csv
,5.320547203014803,3.0709169217060865,,,4.095108494838324,xTrimoPGLM-3B-MLM,top20_enrichment_top1pct,217,,,zero_shot_extended_metrics.csv
,6.269897234077255,3.4820357288115362,,,4.796312359144983,xTrimoPGLM-3B-MLM,top10_enrichment_top1pct,217,,,zero_shot_extended_metrics.csv
,0.4416369321495207,0.39299198423295234,,,0.4174140128752171,xTrimoPGLM-10B-MLM,pearson,217,,,zero_shot_extended_metrics.csv
,5.791375739804418,3.4437939024200523,,,4.51218960797583,xTrimoPGLM-10B-MLM,top20_enrichment_top1pct,217,,,zero_shot_extended_metrics.csv
,5.813042266447809,3.31657644239682,,,4.500099898574234,xTrimoPGLM-10B-MLM,top10_enrichment_top1pct,217,,,zero_shot_extended_metrics.csv
,0.3444425885454157,0.29587440580393704,,,0.3198707597679095,xTrimoPGLM-1B-CLM,pearson,217,,,zero_shot_extended_metrics.csv
,3.5705053326351224,2.219385953087009,,,2.8671024443127924,xTrimoPGLM-1B-CLM,top20_enrichment_top1pct,217,,,zero_shot_extended_metrics.csv
,3.4301150673209255,1.8393079878260779,,,2.596083766621273,xTrimoPGLM-1B-CLM,top10_enrichment_top1pct,217,,,zero_shot_extended_metrics.csv
,0.1907666296404315,0.14705474169200278,,,0.16893814909462423,xTrimoPGLM-3B-CLM,pearson,217,,,zero_shot_extended_metrics.csv
,2.959357891899121,1.7416294147279485,,,2.317610308709524,xTrimoPGLM-3B-CLM,top20_enrichment_top1pct,217,,,zero_shot_extended_metrics.csv
,3.3926915583010104,1.771424158385364,,,2.5228607553063145,xTrimoPGLM-3B-CLM,top10_enrichment_top1pct,217,,,zero_shot_extended_metrics.csv
,0.048570142032963885,0.01802025341956329,,,0.032704021641721835,xTrimoPGLM-7B-CLM,pearson,217,,,zero_shot_extended_metrics.csv
,2.6738238428979257,1.4440156286621741,,,2.0167395452817805,xTrimoPGLM-7B-CLM,top20_enrichment_top1pct,217,,,zero_shot_extended_metrics.csv
,3.4810775459481276,1.6086378713564167,,,2.4827846679507495,xTrimoPGLM-7B-CLM,top10_enrichment_top1pct,217,,,zero_shot_extended_metrics.csv
,0.4013603959536502,0.35503809772993483,,,0.3786251845294096,xTrimoPGLM-100B-int4,pearson,217,,,zero_shot_extended_metrics.csv
,4.660481975283475,2.737304347904524,,,3.6032187505853215,xTrimoPGLM-100B-int4,top20_enrichment_top1pct,217,,,zero_shot_extended_metrics.csv
,4.63793695987194,2.6199010312502247,,,3.563374595102593,xTrimoPGLM-100B-int4,top10_enrichment_top1pct,217,,,zero_shot_extended_metrics.csv
,0.26845412131770097,0.21945327833954897,,,0.24427597644766447,Progen3_112m,pearson,217,,,zero_shot_extended_metrics.csv
,3.81865088510175,2.238793602875297,,,2.9947362433180853,Progen3_112m,top20_enrichment_top1pct,217,,,zero_shot_extended_metrics.csv
,4.454311447689093,2.2807453529536788,,,3.300535375265607,Progen3_112m,top10_enrichment_top1pct,217,,,zero_shot_extended_metrics.csv
,0.3123159833940516,0.26817717958544623,,,0.289983966162789,Progen3_219m,pearson,217,,,zero_shot_extended_metrics.csv
,3.515159059602711,2.2417239109066984,,,2.8676219267845577,Progen3_219m,top20_enrichment_top1pct,217,,,zero_shot_extended_metrics.csv
,3.757126873773559,1.9726148249759103,,,2.822105793585135,Progen3_219m,top10_enrichment_top1pct,217,,,zero_shot_extended_metrics.csv
,0.3407151985878589,0.29389329230511324,,,0.31699529632857504,Progen3_339m,pearson,217,,,zero_shot_extended_metrics.csv
,4.254547620325987,2.4733098715557285,,,3.314351335535008,Progen3_339m,top20_enrichment_top1pct,217,,,zero_shot_extended_metrics.csv
,4.484057440817818,2.345179400745526,,,3.340733135901169,Progen3_339m,top10_enrichment_top1pct,217,,,zero_shot_extended_metrics.csv
,0.3692387664177359,0.3253141012859212,,,0.34796241058378063,Progen3_762m,pearson,217,,,zero_shot_extended_metrics.csv
,4.301072518371529,2.543926427233878,,,3.375823816756403,Progen3_762m,top20_enrichment_top1pct,217,,,zero_shot_extended_metrics.csv
,5.077394928061039,2.8248104920368253,,,3.883934947206887,Progen3_762m,top10_enrichment_top1pct,217,,,zero_shot_extended_metrics.csv
,0.40106418516622877,0.3559593611817115,,,0.37840978630651784,Progen3_1b,pearson,217,,,zero_shot_extended_metrics.csv
,4.535026592007398,2.675817854672202,,,3.5274730739742877,Progen3_1b,top20_enrichment_top1pct,217,,,zero_shot_extended_metrics.csv
,4.680999925717044,2.599725376265929,,,3.567714393517383,Progen3_1b,top10_enrichment_top1pct,217,,,zero_shot_extended_metrics.csv
,0.40952538363940183,0.36540975612630044,,,0.38766182905219143,Progen3_3b,pearson,217,,,zero_shot_extended_metrics.csv
,4.333675472050057,2.5041898974965378,,,3.322607970596891,Progen3_3b,top20_enrichment_top1pct,217,,,zero_shot_extended_metrics.csv
,4.7953800604439625,2.602935959965747,,,3.6267079570436462,Progen3_3b,top10_enrichment_top1pct,217,,,zero_shot_extended_metrics.csv
