simulation_num,round_num,num_mutants_per_round,first_round_strategy,measured_var,learning_strategy,regression_type,embedding_type,test_error,train_error,train_r_squared,test_r_squared,alpha,spearman_corr,median_activity_scaled,top_activity_scaled,activity_binary_percentage,top_variant,top_final_round_variants,this_round_variants,next_round_variants
1,0,10,random,activity_scaled,topn,ridge,embeddings,None,None,None,None,None,None,None,None,None,None,None,None,"N61T,Q43P,A36V,A67G,Y27C,Y50C,N84S,A29G,K75T,D60A,WT"
1,1,10,random,activity_scaled,topn,ridge,embeddings,0.024873839685766543,0.014023190989474816,0.30876493762561696,-1.1687416942764939,10.0,0.07369370067753728,0.647987317342156,0.7710228839261096,0.9090909090909091,A64P,"P58L,G85R,A64P,A29P,G85V,A18P,V80F,A64V,V82F,V77F,A31P","N61T,Q43P,A36V,A67G,Y27C,Y50C,N84S,A29G,K75T,D60A,WT","P58L,G85R,A64P,A29P,G85V,A18P,V80F,A64V,V82F,V77F"
1,2,10,random,activity_scaled,topn,ridge,embeddings,0.023516789158355058,0.010449588426704834,0.4515959549786923,-1.0519654883776401,10.0,0.04732395704796881,0.6350289495450786,0.7710228839261096,0.8181818181818182,A64P,"P58L,A64P,A18P,A29P,G85R,A11P,L52P,P58R,A36P,L21P,A64V","P58L,G85R,A64P,A29P,G85V,A18P,V80F,A64V,V82F,V77F,N61T,Q43P,A36V,A67G,Y27C,Y50C,N84S,A29G,K75T,D60A,WT","A11P,L52P,P58R,A36P,L21P,A31P,A64D,G85D,A20P,T48P"
1,0,10,random,activity_scaled,topn,randomforest,embeddings,None,None,None,None,None,None,None,None,None,None,None,None,"N61T,Q43P,A36V,A67G,Y27C,Y50C,N84S,A29G,K75T,D60A,WT"
1,1,10,random,activity_scaled,topn,randomforest,embeddings,0.024093182540042647,0.004704172841302045,0.7681205932502901,-1.1006764609930655,0,-0.016079884345360333,0.5437000275709953,0.6499862145023435,0.6363636363636364,A40S,"A70P,D60G,A40S,D60A,D60E,A36S,S79R,L21P,Y27C,T48P,V47G","N61T,Q43P,A36V,A67G,Y27C,Y50C,N84S,A29G,K75T,D60A,WT","A70P,D60G,A40S,D60E,A36S,S79R,L21P,T48P,P22R,L21H"
1,2,10,random,activity_scaled,topn,randomforest,embeddings,0.02193628150947323,0.0036977767640096844,0.7561668222948938,-0.9128416453752324,0,0.030815474059353167,0.6194513371932726,0.6662531017369727,0.7272727272727273,V9L,"A40S,L21H,R30L,L39W,I8S,V9L,Y27C,S34P,A31E,G85C,V80F","A70P,D60G,A40S,D60E,A36S,S79R,L21P,T48P,P22R,L21H,N61T,Q43P,A36V,A67G,Y27C,Y50C,N84S,A29G,K75T,D60A,WT","R30L,L39W,I8S,V9L,S34P,A31E,G85C,V80F,P22T,V47F"
1,0,10,random,activity_scaled,topn,gp,embeddings,None,None,None,None,None,None,None,None,None,None,None,None,"N61T,Q43P,A36V,A67G,Y27C,Y50C,N84S,A29G,K75T,D60A,WT"
1,1,10,random,activity_scaled,topn,gp,embeddings,0.29366183282836184,2.288908733484789e-21,1.0,-24.604276176024378,0,0.008787114529637423,0.593396746622553,0.6814171491590847,1.0,V86I,"N84S,Y27C,Q43P,D60A,V86I,N61T,A29G,A36V,Q43H,V82I,Q78R","N61T,Q43P,A36V,A67G,Y27C,Y50C,N84S,A29G,K75T,D60A,WT","V86I,Q43H,V82I,Q78R,A31T,V77I,K73E,Y27F,D71V,T81R"
1,2,10,random,activity_scaled,topn,gp,embeddings,0.293106555698715,1.896111383957798e-21,1.0,-24.52761973817441,0,0.007119346457639367,0.6194513371932726,0.8454645712710228,1.0,T81R,"T81R,V86I,N84S,Y27F,A31T,Y27C,Q43P,V82I,Q43H,D60A,Q78R","V86I,Q43H,V82I,Q78R,A31T,V77I,K73E,Y27F,D71V,T81R,N61T,Q43P,A36V,A67G,Y27C,Y50C,N84S,A29G,K75T,D60A,WT","T68I,A17S,V33I,V19L,Q25E,D71H,S79R,I72T,A18S,I15V"
1,0,10,random,activity_scaled,random,ridge,embeddings,None,None,None,None,None,None,None,None,None,None,None,None,"N61T,Q43P,A36V,A67G,Y27C,Y50C,N84S,A29G,K75T,D60A,WT"
1,1,10,random,activity_scaled,random,ridge,embeddings,0.024873839685766543,0.014023190989474816,0.30876493762561696,-1.1687416942764939,10.0,0.07369370067753728,0.647987317342156,0.7710228839261096,0.9090909090909091,A64P,"P58L,G85R,A64P,A29P,G85V,A18P,V80F,A64V,V82F,V77F,A31P","N61T,Q43P,A36V,A67G,Y27C,Y50C,N84S,A29G,K75T,D60A,WT","D26N,L16S,V66M,Y51H,A18S,T2A,I37L,P22S,A64T,G74R"
1,2,10,random,activity_scaled,random,ridge,embeddings,0.02455087404383617,0.0075180097729242905,0.45999240943984065,-1.1184067670325089,0.1,0.07091002320453732,0.6078715191618418,0.7619244554728425,0.9090909090909091,G85R,"A18P,A11P,G85V,G85C,A83P,G85R,V77F,R30C,T48P,T28P,A18E","D26N,L16S,V66M,Y51H,A18S,T2A,I37L,P22S,A64T,G74R,N61T,Q43P,A36V,A67G,Y27C,Y50C,N84S,A29G,K75T,D60A,WT","N61S,P58L,P22L,N53T,K73Q,R30S,I72N,L16V,A11P,D71E"
1,0,10,random,activity_scaled,random,randomforest,embeddings,None,None,None,None,None,None,None,None,None,None,None,None,"N61T,Q43P,A36V,A67G,Y27C,Y50C,N84S,A29G,K75T,D60A,WT"
1,1,10,random,activity_scaled,random,randomforest,embeddings,0.024093182540042647,0.004704172841302045,0.7681205932502901,-1.1006764609930655,0,-0.016079884345360333,0.5437000275709953,0.6499862145023435,0.6363636363636364,A40S,"A70P,D60G,A40S,D60A,D60E,A36S,S79R,L21P,Y27C,T48P,V47G","N61T,Q43P,A36V,A67G,Y27C,Y50C,N84S,A29G,K75T,D60A,WT","G55R,V86G,A11T,L21V,I87V,S69Y,N84T,A23V,G74S,A83S"
1,2,10,random,activity_scaled,random,randomforest,embeddings,0.015067656130155071,0.0045173986342608215,0.7520736674983455,-0.3110807969683007,0,0.03407792657889876,0.6953405017921147,0.7777777777777778,0.9090909090909091,L21V,"G55R,D26H,N61I,M7V,S69Y,V86F,L3I,V86G,L21V,T48I,V86D","G55R,V86G,A11T,L21V,I87V,S69Y,N84T,A23V,G74S,A83S,N61T,Q43P,A36V,A67G,Y27C,Y50C,N84S,A29G,K75T,D60A,WT","G42V,A70P,L52Q,S69P,Q25R,P58A,V19L,A29D,I37F,S62N"
1,0,10,random,activity_scaled,random,gp,embeddings,None,None,None,None,None,None,None,None,None,None,None,None,"N61T,Q43P,A36V,A67G,Y27C,Y50C,N84S,A29G,K75T,D60A,WT"
1,1,10,random,activity_scaled,random,gp,embeddings,0.29366183282836184,2.288908733484789e-21,1.0,-24.604276176024378,0,0.008787114529637423,0.593396746622553,0.6814171491590847,1.0,V86I,"N84S,Y27C,Q43P,D60A,V86I,N61T,A29G,A36V,Q43H,V82I,Q78R","N61T,Q43P,A36V,A67G,Y27C,Y50C,N84S,A29G,K75T,D60A,WT","I15V,V80I,I4V,A23T,K44E,I15F,P58A,V82I,V80L,H54Q"
1,2,10,random,activity_scaled,random,gp,embeddings,0.27181230849663857,1.8848258684056818e-21,1.0,-22.469873015848172,0,0.022098874958562595,0.6185552798456024,0.7058864074993106,1.0,I15V,"I15V,I4V,N84S,A23T,Y27C,V77I,I15F,Q43P,V82I,V80L,V19L","I15V,V80I,I4V,A23T,K44E,I15F,P58A,V82I,V80L,H54Q,N61T,Q43P,A36V,A67G,Y27C,Y50C,N84S,A29G,K75T,D60A,WT","W57S,K73T,N84K,A40G,S63C,S62T,D26G,G42V,K73N,V47L"
